ID,First name,Last Name,Age,Phone,Email,Country,City,Department,Skill,Hire Date,Year working,Personal Number,Gender
1,Lani,Bowers,,(034756) 455348,ipsum.porta.elit@etmagnis.org,Mayotte,Newmarket,1,Python,17/01/2019,4,16090919 2148,Male
2,Lana,Adkins,,(00602) 8594139,eget.tincidunt.dui@ipsumSuspendissenon.net,Ethiopia,Dordrecht,1,SQL,24/08/2019,3,16730718 9030,Female
3,Sopoline,Noel,31,(0025) 35469627,fringilla.purus@facilisisnon.edu,Zambia,Gujrat,1,SQL,20/08/2017,5,16500123 3922,Female
4,Abbot,Horton,27,(025) 81007716,et.ultrices.posuere@Nuncmauris.edu,Uganda,Avelgem,,C#,12/08/2017,5,16570409 4159,Female
5,Hedda,Livingston,33,(039228) 985011,enim.Suspendisse.aliquet@dapibusquam.ca,Slovenia,Gentinnes,1,,12/12/2017,5,16200322 9842,Female
6,Henry,Hodges,37,(036143) 059456,magna@tincidunt.com,Latvia,Ajmer,1,Python,08/08/2017,5,16120710 2615,Female
7,Aristotle,Barrett,39,(096) 67739783,Aenean@blanditNamnulla.org,Colombia,Porretta Terme,1,C#,13/01/2018,5,,Female
8,Wendy,Neal,32,(0678) 23473247,nunc.risus.varius@tellusNunclectus.edu,Czech Republic,Sydney,1,C#,21/01/2017,6,16151127 4811,Female
9,Raymond,Mckenzie,41,(0197) 87670614,,Namibia,Leipzig,1,R,16/10/2016,6,16650628 4287,Female
10,Zephr,Hickman,28,(0086) 34082518,consequat@dictumeleifend.co.uk,Armenia,Grumo Appula,1,SQL,22/07/2017,5,16841222 2385,Female
11,Georgia,Kane,30,(0360) 83995586,,United States Minor Outlying Islands,Zaragoza,1,R,09/09/2016,6,16010611 4218,Female
12,Stella,Dejesus,26,(073) 27146086,Donec.fringilla@sodalesatvelit.com,Ethiopia,,1,Java,23/12/2017,5,16531023 5188,Female
13,Dahlia,Porter,44,(0721) 83626401,aliquam@duiCraspellentesque.edu,Switzerland,Aurora,1,Python,20/01/2017,6,16611121 0842,
14,Ria,Foster,26,(07204) 8615645,adipiscing.elit.Curabitur@dolorsit.com,India,Tuscaloosa,1,Java,16/01/2017,6,16611104 5792,Male
15,Kiona,Moore,36,(06589) 9544238,pede.malesuada.vel@quis.co.uk,Aruba,Grasse,1,,17/08/2016,6,16510522 6137,Male
16,Guinevere,Sullivan,35,(09327) 9212635,ante.ipsum.primis@natoquepenatibuset.com,"Congo, the Democratic Republic of the",Henley-on-Thames,1,,10/12/2016,6,16590621 7772,Male
17,Ingrid,Barnes,33,(09767) 4211001,malesuada.malesuada.Integer@aenimSuspendisse.co.uk,France,Chandler,1,Java,10/09/2016,6,16690521 8233,Male
18,Quinlan,Holcomb,44,(078) 38928667,et.magnis@tinciduntpedeac.com,French Polynesia,Laarne,1,C#,01/02/2018,5,16271020 8808,Male
19,Blair,Mccullough,33,(037704) 559035,Donec@nislMaecenas.edu,Swaziland,Benalla,1,Java,08/08/2017,5,16690803 3217,Male
20,Diana,Guthrie,27,(0192) 62169863,Phasellus@Suspendissealiquetmolestie.edu,Botswana,,,,05/03/2017,6,16290204 5158,Male
21,Neville,Ashley,33,(05923) 3723488,mi@aceleifend.ca,Uzbekistan,Casole d'Elsa,,,09/09/2016,6,16311014 0542,Male
22,Adara,Haynes,42,(02823) 2355141,non.magna.Nam@maurissit.co.uk,New Caledonia,Diano Arentino,1,R,06/10/2017,5,16190926 2410,Male
23,Sarah,Harrell,,(034) 64186374,massa.Suspendisse@libero.ca,Norfolk Island,Siena,1,R,08/01/2018,5,16200301 8724,
24,Helen,Bright,54,(048) 54160874,euismod.in.dolor@ligulaeu.ca,Guyana,,1,Python,01/04/2017,6,16070415 6926,Male
25,Upton,Moran,49,(036655) 491695,facilisis.non@blanditNamnulla.ca,Germany,Montpelier,1,C#,27/09/2017,5,16560423 2206,Male
26,Carol,Whitehead,26,(071) 97021218,enim@imperdiet.edu,Samoa,Lairg,1,R,12/03/2017,6,16850223 1288,Male
27,Roth,Gilbert,47,(0842) 21758685,habitant.morbi@Maecenas.ca,British Indian Ocean Territory,Elgin,1,Python,06/10/2016,6,16370803 3893,Male
28,Chloe,Rich,26,(077) 70813605,,Burundi,Coquimbo,1,C#,23/06/2017,6,16910503 9664,Male
29,Kasper,Washington,28,(033) 21384800,nec@quisdiamluctus.net,"Virgin Islands, British",Ajmer,2,R,19/01/2018,5,16500507 1021,Male
30,Genevieve,Rowe,50,(037686) 462686,magna.sed.dui@felisullamcorper.net,"Congo, the Democratic Republic of the",Manavgat,2,R,09/11/2017,5,16520224 5667,Male
31,Amos,Berg,42,(0359) 30953225,a.magna@iaculisodio.net,Kyrgyzstan,Gießen,,Python,06/11/2016,6,16861023 3135,Male
32,Clarke,Rollins,49,(060) 58623377,Nunc.mauris.Morbi@dolorQuisquetincidunt.org,Isle of Man,Casalvieri,2,Python,15/03/2017,6,16200806 3212,Male
33,Lyle,Workman,38,(057) 40102483,quam@Vestibulumante.edu,United Kingdom (Great Britain),Vespolate,2,C#,03/02/2017,6,16161008 3055,Male
34,Axel,Reed,51,(061) 42264110,,Togo,Malbaie,2,R,19/12/2019,3,16640715 1833,Male
35,Callie,Carroll,33,(027) 38127977,purus.ac.tellus@ornareliberoat.edu,"Saint Helena, Ascension and Tristan da Cunha",Autelbas,2,Python,26/01/2019,4,16900122 8221,Male
36,Risa,Dyer,44,(032940) 877934,pede@temporloremeget.net,Saint Barthélemy,Graz,2,Python,02/01/2018,5,16200608 9110,Male
37,Kyla,Watson,27,(08105) 9039637,sem@idmagnaet.ca,Venezuela,Houtave,2,,18/12/2020,2,16090428 5822,Male
38,Kirk,Blake,33,(0620) 04101106,felis@turpis.net,Cayman Islands,Whitby,2,Python,07/11/2017,5,16940524 5318,Male
39,Faith,Ellis,48,(030989) 645838,a.ultricies.adipiscing@Quisquepurussapien.net,Central African Republic,Tsiigehtchic,2,Java,31/12/2016,6,16161126 7202,Male
40,Harper,Duffy,40,(053) 46738168,,Spain,Riesa,2,Python,06/08/2016,6,16870127 6555,Male
41,Beatrice,Burch,42,(05175) 1438314,lobortis.Class@convallisincursus.ca,Antigua and Barbuda,Lampa,3,Java,24/10/2017,5,16270722 2812,Male
42,Amir,Fernandez,34,(031418) 567194,porttitor@commodotincidunt.org,Sweden,Grey County,3,Java,27/07/2016,6,16320716 7721,Male
43,Cassady,Buchanan,39,(0851) 98228738,metus@Aeneaneuismod.co.uk,Guam,Whitby,3,Java,04/11/2017,5,16440112 3916,Male
44,Raja,Gaines,46,(0411) 34438784,Proin.mi.Aliquam@vitaesodalesnisi.ca,Niger,,3,C#,16/02/2016,7,16261023 8723,Male
45,Cassandra,Carey,,(0937) 05476384,mi.lorem@tellusAenean.ca,Dominican Republic,Ethe,3,C#,12/06/2016,7,16630705 2859,Male
46,Felix,,31,(034600) 451839,lectus@nectempusmauris.ca,"Palestine, State of",Benestare,3,R,09/10/2017,5,16030710 0404,Male
47,Simone,Pierce,49,(06554) 1867323,adipiscing.elit.Curabitur@sem.com,Antigua and Barbuda,Casalvieri,3,Python,22/04/2017,6,,Male
48,Phoebe,Leblanc,50,(036553) 422001,lorem@ut.ca,South Georgia and The South Sandwich Islands,Lincoln,3,Python,20/12/2016,6,16960702 1160,Male
49,Garrett,Barker,27,(036766) 288333,augue.id@insodaleselit.com,Guinea,Rajkot,3,C#,30/10/2016,6,16180411 8352,Male
50,Tobias,Doyle,28,(037904) 574675,Vestibulum.ante@risusDonecegestas.net,Côte D'Ivoire (Ivory Coast),Acquafondata,3,SQL,27/06/2016,7,16530201 8196,Male
51,Heather,Pugh,30,(076) 00056654,egestas.Aliquam@lacus.co.uk,Sudan,Courbevoie,3,R,05/12/2017,5,16410810 7220,Male
52,Austin,Mcclain,26,(0927) 19786303,ut.quam@sagittisfelis.net,Jordan,San Juan (San Juan de Tibás),3,R,09/09/2021,1,16360926 1858,Male
53,Dustin,Gray,26,(0005) 16730627,erat.vitae.risus@accumsan.com,Solomon Islands,Crieff,3,C#,29/09/2016,6,16300326 4946,Male
54,Jamalia,Workman,38,(038225) 152318,feugiat.metus.sit@Donec.org,Zambia,Labrecque,3,SQL,10/04/2021,2,16250510 8866,Male
55,Kaden,Serrano,53,(035140) 555138,odio.Nam.interdum@inmolestietortor.edu,Trinidad and Tobago,Holman,3,SQL,29/10/2017,5,16510419 6547,Male
56,Jonah,Mcneil,43,(0375) 47352315,laoreet.posuere@lacus.com,Togo,Puri,3,,05/09/2017,5,16180127 7664,Male
57,Nevada,Mccarty,33,(033487) 145080,orci.in.consequat@dictumaugue.edu,Peru,Isernia,3,Java,06/08/2017,5,16650622 9589,Male
58,Cameron,Delaney,34,(036) 79786101,Cras@Aliquam.org,Comoros,Montereale,3,R,30/08/2019,3,16230108 3503,Male
59,Hedley,Rodriguez,39,(097) 57125801,euismod@feugiatnecdiam.co.uk,Antarctica,Wansin,3,Python,06/01/2018,5,,Male
60,Hilel,Gomez,35,(0854) 03285955,at@lobortisnisinibh.org,Ireland,Wetteren,3,Python,24/05/2022,1,16861208 4387,Male
61,Cody,Roberts,49,(06373) 0036368,quam.a.felis@Aeneaneget.co.uk,Guyana,Rueglio,3,C#,12/02/2017,6,16450617 2123,Male
62,Arden,Solomon,40,(01811) 9149864,metus@semper.org,Zimbabwe,Feira de Santana,3,,13/04/2017,6,16530203 5513,Male
63,Nero,Hayes,33,(033313) 350001,sit@purus.edu,Saint Lucia,Selkirk,3,Python,23/10/2017,5,16500219 9056,Male
64,Brendan,Blanchard,31,(031652) 149319,volutpat@ligulaNullam.edu,United Kingdom (Great Britain),Bromley,3,Python,04/11/2017,5,16020629 4340,Male
65,Lacey,Crane,52,(0735) 82239469,et.ultrices@Donec.com,Timor-Leste,Newbury,3,Java,16/09/2022,0,16750116 1470,Male
66,Zenaida,Rush,48,(01470) 4752608,ligula@Quisque.net,Norfolk Island,Lauw,,Java,12/10/2020,2,16711218 2535,Male
67,Isabella,Phillips,51,(035305) 271365,ipsum.primis.in@vehicula.edu,"Virgin Islands, United States",Rengo,3,Python,06/12/2017,5,16440529 0703,Male
68,Erin,Mercado,32,(06795) 8229614,vitae.purus.gravida@velvulputate.net,Oman,,,Java,16/08/2020,2,16730104 3704,Male
69,Harper,Gaines,43,(0254) 27399139,neque@euismod.ca,Sao Tome and Principe,Kızılcahamam,3,SQL,11/11/2022,0,16570704 4284,Male
70,Lysandra,George,53,(037863) 930670,pede.ultrices@hendrerit.ca,Bermuda,Guildford,3,Python,11/05/2016,7,16001005 9517,Male
71,Cain,Herman,,(06655) 4574444,nisi@rhoncusProin.co.uk,Luxembourg,Castelbianco,3,R,15/07/2016,7,16870913 0069,Male
72,Vaughan,Alvarado,54,(024) 55547306,mi@ullamcorperDuis.net,Estonia,Los Lagos,3,,02/06/2016,7,16771120 2627,Male
73,Slade,Hamilton,33,(038782) 995621,bibendum.fermentum.metus@molestiearcuSed.co.uk,French Polynesia,Albiano,3,Python,21/11/2017,5,16400614 3079,Male
74,Julian,Byers,47,(00443) 4457822,risus@Namac.co.uk,Mauritania,Huara,3,Python,16/03/2017,6,16340105 1374,Male
75,Armand,Foley,55,(035563) 058352,dui.Cum@orci.edu,Lebanon,Armadale,3,Python,10/03/2019,4,16870414 7803,Female
76,Farrah,Burch,32,(032016) 986545,magna.a.tortor@cursusluctus.com,South Sudan,Collinas,3,Java,09/06/2017,6,16820909 6117,Female
77,Emmanuel,Deleon,29,(030201) 132678,nulla@Aenean.co.uk,Latvia,Pencahue,3,C#,20/01/2018,5,16320724 4462,Female
78,Jack,Castillo,51,(07993) 3463150,vitae.purus.gravida@sociisnatoque.com,Seychelles,Aberystwyth,3,Java,21/05/2017,6,16950508 6877,Female
79,Tatiana,Rodgers,36,(05383) 8179169,Duis.sit@dui.ca,British Indian Ocean Territory,Rechnitz,4,Python,26/09/2021,1,16621105 6533,Female
80,Tatyana,Sharpe,47,(03469) 0247153,arcu.Curabitur@pellentesqueeget.edu,Bolivia,Hay River,4,Python,01/05/2017,6,16111007 9645,Female
81,Lacota,Medina,30,(030) 49124171,cursus.a.enim@est.co.uk,Czech Republic,Ajmer,4,C#,04/08/2016,6,16830701 5605,Female
82,Rebekah,Terry,31,(07338) 2404130,diam@placerat.ca,Central African Republic,Vespolate,4,Java,21/12/2016,6,16290913 6547,Female
83,Xerxes,Dennis,39,(027) 29668457,facilisis@condimentumDonec.org,Bolivia,Rewa,4,C#,05/04/2017,6,16410127 8929,Female
84,Nolan,Webb,28,(037260) 287633,ornare.libero.at@nasceturridiculus.edu,Kyrgyzstan,Magdeburg,4,,28/09/2016,6,16561120 7092,Female
85,Tucker,Duke,36,(0683) 57208194,magnis.dis.parturient@dolor.edu,Laos,Naninne,5,Python,14/02/2017,6,16831026 0370,Female
86,Vera,Hebert,27,(031) 34298021,luctus.vulputate@posuerecubiliaCurae.ca,Sao Tome and Principe,Turnhout,5,Python,22/04/2017,6,16050906 5298,Female
87,Teagan,Guthrie,48,(034163) 425970,Quisque.fringilla.euismod@sagittisplaceratCras.com,Estonia,Bielefeld,5,C#,13/04/2016,7,16991030 7942,Female
88,Adria,Johnston,38,(045) 37661446,magna.et@eterosProin.edu,Philippines,Forbach,5,Python,27/05/2017,6,16780604 4983,Female
89,Erich,Fitzgerald,,(074) 22114459,Donec.at.arcu@aliquetmetus.net,Georgia,Augusta,5,R,27/03/2016,7,16910515 1717,Female
90,Caesar,Crawford,47,(030557) 108912,neque.Morbi.quis@magnaSuspendisse.co.uk,United Kingdom (Great Britain),Arbre,5,Python,20/06/2016,7,16470807 1644,Female
91,Orlando,Kramer,49,(0888) 59302544,egestas@eu.net,Belarus,Saavedra,5,Python,19/03/2017,6,16021122 2666,Female
92,Brett,Bailey,37,(06908) 8665793,eu@malesuada.ca,"Bonaire, Sint Eustatius and Saba",Workington,5,Python,10/01/2023,0,16121227 8228,Female
93,Madaline,Thompson,54,(01528) 5328007,Suspendisse.sagittis.Nullam@sollicitudincommodoipsum.com,Antigua and Barbuda,Tumba,,Python,22/08/2016,6,16030803 7480,Female
94,Gareth,Marsh,32,(02311) 7000338,convallis.ante.lectus@id.ca,Vanuatu,Baltimore,5,SQL,06/10/2017,5,16470802 1680,Female
95,Reece,Valentine,52,(033093) 686604,ligula.Nullam.enim@Donec.ca,Saint Lucia,Jedburgh,5,Python,11/04/2019,4,16231104 3448,Female
96,Joy,Camacho,47,(0035) 59539015,cubilia.Curae.Donec@nuncinterdum.edu,Greenland,Parkland County,5,Java,01/11/2017,5,,Female
97,Hedley,Lowe,49,(039551) 404490,odio.Nam@aliquetsemut.co.uk,French Southern Territories,Turnhout,5,Python,16/10/2016,6,16680604 6204,Female
98,Jasper,Walton,35,(053) 47065097,purus.gravida.sagittis@consectetuercursuset.co.uk,Macedonia,Turnhout,5,,17/10/2017,5,16540909 9800,Female
99,Bevis,Cameron,35,(003) 82397976,pede@rhoncus.ca,Nigeria,,5,Java,08/09/2017,5,16070303 8901,Female
100,Amena,Evans,34,(0920) 25581408,ornare.facilisis.eget@eulacusQuisque.org,Dominica,Turnhout,5,Python,18/10/2022,0,16370413 9165,Female
